DATETIME,NO,PM2.5,PM10,SO2,NO2,CO,O3,TEMP,PRES,DEWP,RAIN,WSPM,AQI,Vehicular_Pollution,Industrial_Pollution
2013-03-03,40.728813559322035,44.447457627118645,61.09830508474576,31.472097627118643,52.567741355932206,1180.5661016949152,39.18006915254237,2.4901694915254238,1022.1708474576272,-15.674237288135592,0.0,1.7294915254237289,101.89491525423729,334.66990144067796,35.32608338983051
2013-03-10,156.46924428822496,91.90822954076565,125.73813708260106,42.844546557652635,71.16315283869488,1487.0716359746314,77.01933216168717,6.739367311072056,1010.8321616871705,-8.858523725834798,0.0,1.735676625659051,153.65202108963092,443.9702888591732,59.931939359669904
2013-03-17,322.1343705799151,141.1060820367751,149.47949080622348,45.473833097595474,81.45827439886845,1661.7836182069154,72.51626591230551,5.508769448373409,1015.3230551626591,-3.238048090523338,0.018528995756718528,1.468882602545969,198.8118811881188,508.4568663621956,58.995049504950494
2013-03-24,494.18666666666667,57.95333333333333,74.264,14.652,44.275111111111116,925.6222891566265,47.29778400000001,4.118266666666666,1009.9614666666666,-6.163466666666667,0.04786666666666666,2.1874666666666664,120.51866666666666,275.5286834002677,30.974892
2013-03-31,661.9938271604939,101.55555555555556,131.98395061728394,30.348235390946503,53.77306411522634,1272.3249273783588,41.33769598765432,6.785555555555556,1012.7735802469135,-4.986666666666666,0.0,1.8941975308641974,164.48888888888888,389.90937441660617,35.842965689300414
2013-04-07,827.0705882352942,78.39084967320261,106.50718954248366,27.462745098039214,53.93562091503268,1312.386274509804,52.67060522875817,9.426666666666666,1008.9338562091503,-2.906535947712418,0.050849673202614375,2.031111111111111,143.03529411764706,387.80498366013074,40.06667516339869
2013-04-14,1000.3562585969738,32.91196698762036,73.75171939477303,10.420485281980742,40.307857001837874,640.8861949604728,66.51557895460799,11.221595598349381,1008.0425034387896,-7.58707015130674,0.0,2.6662998624484184,91.0563961485557,196.964434586176,38.46803211829436
2013-04-21,1165.3059975520196,61.76621787025704,101.41003671970624,20.812320195838435,42.1043971090517,856.93635250918,67.8276146878825,10.950550795593635,1009.5667074663403,-2.313096695226438,0.0009791921664626683,2.2149326805385554,134.65483476132192,265.5542510520487,44.31996744186046
2013-04-28,1332.9439601494396,91.6027397260274,120.906600249066,27.528170361145705,52.42479606022869,1087.6892901618928,61.161055292652556,15.014072229140721,1005.6307596513076,1.8151930261519302,0.0018679950186799503,1.7869240348692406,155.6376089663761,338.15585654930373,44.34461282689913
2013-05-05,1499.3481575603557,63.05146124523507,107.59593392630241,20.95861143583227,43.554698305802624,768.7935196950444,93.75389097839899,19.125794155019058,1008.8691232528589,1.8650571791613721,0.00012706480304955527,1.9168996188055907,132.2884371029225,245.74890329309613,57.35625120711563
2013-05-12,1670.2895683453237,101.78648015158586,156.16629956299786,23.27219645821804,59.562973737146244,975.4864305810925,74.43518220807968,20.388489208633093,1002.2651079136691,7.561870503597121,0.0014388489208633094,1.3992805755395683,169.29676258992805,323.2505460082056,48.853689333148864
2013-05-19,1835.343669250646,77.03970578806194,145.16380177626655,32.79516834625323,47.59335024318701,1049.0475943577298,98.83933531976743,21.342377260981912,1003.1018087855298,8.10297157622739,0.0,1.7449612403100774,154.97932816537468,329.7111130413113,65.81725183301033
2013-05-26,2007.7589041095891,76.96506849315068,137.23767123287672,26.285649315068493,56.32905826484018,1245.3193709564741,77.82999191780821,22.474931506849316,1002.380410958904,10.212602739726027,0.007534246575342466,1.6036986301369864,147.47260273972603,378.96279223683547,52.057820616438356
2013-06-02,2171.841229193342,77.31754161331627,115.03201024327785,14.540973111395646,45.148545070422536,939.0518565941101,74.44257976952625,22.57362355953905,1000.2619718309859,11.541869398207428,0.014212548015364916,1.6550576184379,146.40717029449425,294.1374883802817,44.49177644046095
2013-06-09,2338.9228723404253,120.53822533849129,126.16821808510639,11.167480510638297,52.346316356382985,1825.2199363788068,35.58470310283688,20.39494680851064,1003.508909574468,17.60292553191489,0.06595744680851064,1.097340425531915,183.39893617021278,531.0681740396968,23.376091806737588
2013-06-16,2510.238912732475,87.98855507868383,120.73748211731045,17.855986586552216,48.38702455889365,972.2364771497951,91.22981616595136,22.462660944206007,1002.0834048640917,15.705722460658082,0.011731044349070099,1.2723891273247496,155.28469241773962,307.33738472617074,54.542901376251784
2013-06-23,2681.4594594594596,48.891891891891895,80.57162162162162,8.06345081081081,45.35162779279279,857.168732863298,74.2651827027027,25.56027027027027,999.1856756756757,17.941486486486486,0.03418918918918919,1.1797297297297298,119.62567567567568,257.9959685424011,41.164316756756755
2013-06-30,2845.064083457526,144.5230998509687,141.5871833084948,6.74887868852459,45.32922901142573,1566.8071036287843,65.33122652757079,24.28956780923994,995.9438152011924,21.470044709388972,0.022652757078986587,1.1304023845007451,205.73621460506706,474.5616539499184,36.04005260804769
2013-07-07,3019.2902494331065,69.64285714285714,86.66213151927438,7.547368707482993,41.68185,940.2266796925181,74.46285170068026,26.87845804988662,993.852380952381,20.647165532879818,0.00997732426303855,1.364625850340136,131.16553287981858,284.55337958866244,41.00511020408163
2013-07-14,3180.169540229885,64.76335190990363,65.20761494252874,6.145123443223444,33.50781654693487,936.1518072212302,70.30254712643678,25.559482758620693,999.5681034482759,22.314367816091952,0.06063218390804598,1.0400862068965517,127.71120689655173,274.9076476551494,38.223835284830116
2013-07-21,3360.2,84.9520567998829,97.04257246376811,7.198393897910482,37.88577173913043,1131.8819568081572,83.19416139130435,26.740724637681158,997.7642028985508,20.500579710144926,0.022173913043478263,1.2256521739130435,147.15797101449274,337.9405894527347,45.19627764460741
2013-07-28,3510.485849056604,63.73836477987421,88.3388539482879,9.494919793218997,45.31343930897021,1239.707363213762,60.886095686354935,26.307075471698113,995.8254716981132,20.84119496855346,0.02248427672955975,1.078930817610063,134.08490566037736,359.2745053127236,35.190507739786966
2013-08-04,3687.2243816254418,57.85949414171471,73.09801004277479,6.466985168309466,43.29214432304259,863.8747408017803,87.93459836339966,26.31219081272085,996.2501766784452,21.524381625441695,0.018551236749116608,1.0969964664310954,127.67314487632508,259.5310973273281,47.20079176585457
2013-08-11,3846.5364372469635,44.60118632897091,64.39767441860465,5.210634885256991,39.00453930806036,816.2830615608648,72.63736319470004,26.293522267206477,995.6582995951417,21.61234817813765,0.02651821862348178,1.1038461538461537,108.97368421052632,241.07161540412517,38.92399903997851
2013-08-18,4013.9354005167957,44.046691905534516,58.64533381407367,5.3900755931407085,29.867712802443037,712.5965012805449,75.00555466290815,27.684754521963825,999.5899224806201,20.452713178294573,0.00516795865633075,1.4260981912144701,106.16020671834626,211.28905995064903,40.19781512802443
2013-08-25,4185.763736263736,63.82692307692308,89.67445054945055,6.24626923076923,46.88591600274725,974.0978489595511,67.43993214285715,25.68653846153846,1003.0232142857143,19.386263736263736,0.01304945054945055,1.0585164835164835,128.58104395604394,293.621284647168,36.84310068681319
2013-09-01,4357.966942148761,37.72314049586777,61.1267217630854,6.462809917355372,35.951101928374655,983.4022038567493,55.53138099173554,23.834710743801654,1002.3596418732782,15.543663911845732,0.01831955922865014,1.5782369146005508,95.92699724517907,279.55079201101927,30.997095454545455
2013-09-08,4524.234474017744,61.7256020278834,73.61089987325728,8.918250950570343,39.761089987325725,1187.0088719898606,75.56851381495564,21.729657794676807,1010.1135614702155,16.630925221799746,0.03891001267427123,1.1136882129277568,131.9188846641318,340.52661596958177,42.243382382762995
2013-09-15,4688.520949720671,72.12569832402235,95.10335195530726,9.217379888268157,46.36377828212291,1024.7982619491,52.96760865921788,21.647486033519552,1005.9057262569833,14.808240223463688,0.008798882681564245,1.2129888268156424,136.38826815642457,309.5977726276381,31.092494273743018
2013-09-22,4860.157216494846,73.27512886597938,95.47809278350516,7.485824742268041,50.16365979381443,1477.4136597938145,37.99722448453608,21.198840206185565,1008.954381443299,17.108505154639175,0.02809278350515464,0.9912371134020619,146.0721649484536,424.0826353092784,22.741524613402063
2013-09-29,5036.321273516643,112.68451519536903,135.8654124457308,11.338442836468886,56.31421186685962,1111.577424023155,38.701910853835024,16.160492040520985,1010.5997105643994,9.212011577424024,0.011577424023154847,1.0842257597684515,164.60926193921853,354.1103908827786,25.020176845151955
2013-10-06,5197.385892116183,133.00760719225448,142.20539419087137,17.403671369294607,56.260413347164594,1656.5352697095436,35.82817427385892,17.170262793914247,1012.6138312586446,12.76929460580913,0.009405255878284923,0.9861687413554634,189.90041493775934,497.00217110995845,26.615922821576763
2013-10-13,5366.10498687664,76.48425196850394,100.46325459317585,11.293381627296588,60.66356010498688,1005.2055993000874,31.342236745406826,16.158661417322833,1010.8438320209974,8.837664041994751,0.0005249343832020997,1.171784776902887,144.10498687664042,310.7041664916885,21.317809186351706
2013-10-20,5532.862825788752,70.83058984910836,83.12071330589849,13.411316323731137,60.792434019204386,854.6773046867386,28.26325324757547,11.574622770919067,1020.2818930041152,1.912894375857339,0.0016460905349794238,1.2012345679012346,124.28395061728395,267.35526046523745,20.837284785653306
2013-10-27,5700.7082228116715,68.35145888594164,97.28846153846153,13.668355437665783,60.78127155172414,961.3300478499827,31.645274398082027,9.954641909814324,1017.1793103448275,0.7179045092838195,0.005172413793103449,1.226657824933687,133.0159151193634,296.93780995652753,22.656814917873902
2013-11-03,5866.019287833828,136.39391691394658,145.58605341246292,15.446581602373886,80.1696618694362,1585.3115727002967,20.73648334569733,9.367952522255193,1019.0376854599407,2.457566765578635,0.00029673590504451043,1.044658753709199,191.00890207715133,486.8653012240356,18.091532474035606
2013-11-10,6035.687888198758,74.40527950310559,98.32298136645963,21.743788819875775,62.130434782608695,1241.8478260869565,23.797486956521738,8.603881987577639,1016.8537267080746,-4.451242236024845,0.0,1.4175465838509316,130.222049689441,369.1766304347826,22.77063788819876
2013-11-17,6203.629973474801,65.43280282935456,98.9290450928382,22.621352785145888,60.947226923076926,1571.6160066522493,23.992605968169762,6.620557029177719,1015.7724137931035,-6.3962864721485415,0.0,1.475596816976127,124.0291777188329,449.23127037437973,23.306979376657825
2013-11-24,6371.482097186701,71.65728900255755,84.6457800511509,26.930306905370845,56.98657289002558,1703.317396587247,22.341060869565215,4.212404092071611,1017.0730179028133,-8.16624040920716,0.0,1.2635549872122762,131.72634271099744,479.15175963274527,24.635683887468034
2013-12-01,6545.938483547926,39.013590844062946,55.90128755364807,20.487839771101573,42.99856938483548,1269.0674560499153,29.368040057224604,2.6121602288984263,1015.7267525035766,-14.112589413447784,0.0,1.927181688125894,94.29327610872676,351.7452259581155,24.92793991416309
2013-12-08,6702.616107382551,99.75167785234899,105.93154362416108,40.87093369127517,68.72952161073826,1867.8621537819977,16.773589637583893,3.7891275167785237,1014.6036241610738,-8.11006711409396,0.0,1.2303355704697987,163.43355704697987,535.5687242173116,28.82226166442953
2013-12-15,6877.7667560321715,33.46916890080429,43.61796246648794,22.269436997319033,40.59617962466488,1307.9132562248708,27.66325451107662,-0.5613941018766756,1018.73163538874,-16.16206434316354,0.0,1.6635388739946382,88.79490616621985,356.39914180420703,24.966345754197825
2013-12-22,7041.404494382023,63.322409488139826,70.76076779026216,38.67550149812734,58.367113873283394,1412.1232115479963,21.755842267888823,-2.6316011235955057,1026.493820224719,-15.305477528089888,0.0,1.298876404494382,124.53089887640449,401.1433756749205,30.21567188300808
2013-12-29,7220.89756097561,55.40162601626016,72.33821138211383,33.56840325203252,54.85759918699186,1420.9105691056911,31.16160422764228,-1.7577235772357724,1022.8404878048781,-16.866829268292683,0.0,1.8804878048780487,110.68943089430894,400.87700142276424,32.3650037398374
2014-01-05,7380.2747804266,71.15495608531995,116.89774153074028,37.036202760351316,63.663597804266,1887.0556252613967,22.15628757841907,1.8686323713927226,1012.7306148055208,-11.024466750313676,0.0,1.6281053952321203,138.01129234629863,534.6929801704308,29.596245169385195
2014-01-12,7542.983918128655,72.19152046783626,81.09210526315789,36.898148148148145,56.96271929824562,1547.977582846004,25.256091617933723,-1.36812865497076,1024.3415204678363,-15.70687134502924,0.0,1.6216374269005849,130.49122807017545,439.55598196881095,31.077119883040936
2014-01-19,7715.492201039861,109.32322357019063,121.09878682842287,57.371750433275565,77.24469634163465,2193.7608318890816,17.12824956672444,-1.1776429809358753,1024.7816291161178,-13.118197573656845,0.0,1.3604852686308493,179.0259965337955,625.3568846573323,37.25
2014-01-26,7886.614583333333,62.970238095238095,79.1391369047619,39.501488095238095,46.48936945061043,1277.0089285714287,32.964285714285715,0.1212797619047619,1020.4879464285715,-15.129613095238096,0.0,1.7345238095238094,120.98958333333333,366.40191825550977,36.232886904761905
2014-02-02,8052.260526315789,97.42828947368422,115.60263157894737,43.526315789473685,48.63773511887376,1561.6447368421052,29.936842105263157,1.3734210526315789,1012.7098684210526,-8.775394736842106,0.0,1.5942105263157893,157.88552631578946,455.8283482534027,36.73157894736842
2014-02-09,8235.649647887323,81.8943661971831,74.5105633802817,38.894366197183096,49.22712635412922,1362.5,36.80545774647887,-2.8288732394366196,1022.9968309859154,-12.688204225352113,0.041725352112676056,1.565845070422535,145.47711267605635,392.0330139828985,37.849911971830984
2014-02-16,8385.399624765478,161.76454033771108,144.48405253283303,56.431519699812384,77.51897828762289,2216.885553470919,30.618198874296436,-2.0324577861163227,1024.2801125703566,-10.63939962476548,0.000375234521575985,1.2609756097560976,218.78799249530957,650.1632811572715,43.52485928705441
2014-02-23,8544.99848024316,157.82218844984803,157.4741641337386,51.58282674772037,84.0477070394597,1994.807497467072,24.73860182370821,0.0750759878419453,1024.4828267477203,-7.23434650455927,0.00015197568389057752,1.28161094224924,220.69452887537994,598.5378892725296,38.160714285714285
2014-03-02,8746.845018450185,110.39122078720787,113.71832718327184,36.01206949569496,64.59654505602043,1693.4424969249694,33.15934809348093,3.2634686346863466,1019.2987084870849,-7.859963099630997,0.0027675276752767526,1.6208487084870848,169.4889298892989,495.53714748786734,34.585708794587944
2014-03-09,8897.995983935743,76.74163319946453,91.11914323962517,35.566265060240966,59.1973410884919,1515.7244362063639,37.69210174029451,3.073627844712182,1020.7283801874163,-13.175100401606425,0.0,1.775368139223561,132.02945113788488,435.69563843348635,36.629183400267735
2014-03-16,9061.274431057564,66.88420348058902,110.82864792503347,36.05957161981259,54.63186077643909,1217.4698795180723,52.16867469879518,8.41004016064257,1012.728781793842,-9.832797858099063,0.0,1.8676037483266397,127.9103078982597,362.45364792503347,44.11412315930388
2014-03-23,9229.555417185555,58.099626400996264,118.20423412204234,20.935865504358656,48.386052303860524,901.2453300124533,60.403735990037354,12.33063511830635,1014.7165628891656,-6.416313823163138,0.0,1.9955168119551683,122.2453300124533,281.4838107098381,40.669800747198
2014-03-30,9398.892105263158,152.99605263157895,185.26447368421051,29.95328947368421,77.73486842105264,1439.6052631578948,54.21578947368421,15.510394736842105,1005.7781578947369,4.421842105263158,0.006973684210526316,1.4253947368421052,209.34342105263158,463.9001644736842,42.08453947368421
2014-04-06,9564.165651644336,71.1237515225335,126.65066991473812,15.035322777101097,54.781364190012184,836.2362971985384,62.41961023142509,15.348842874543239,1011.1723507917175,-2.308404384896468,0.0,2.066138855054811,137.65408038976858,272.19802070645557,38.72746650426309
2014-04-13,9732.964769647697,115.17083593912862,193.640712945591,25.357775693141544,67.66338336460288,1170.3773191578068,73.22362935167813,16.632655826558263,1009.5121951219512,2.4350948509485093,0.0,1.4533875338753386,189.2750677506775,386.71306285178235,49.29070252240984
2014-04-20,9901.299031476998,102.75414416092383,132.6484913391693,17.947289998137457,66.2940957347737,1157.0357608493202,58.35104302477184,15.755690072639226,1010.9381355932204,5.516585956416464,0.0211864406779661,1.3797820823244553,174.14769975786925,364.68312302104675,38.149166511454645
2014-04-27,10067.64303178484,80.45680521597393,118.44182966585167,13.446654812180483,48.52050455656813,730.8568570793509,77.55323405201156,18.3739608801956,1009.7504889975551,6.511980440097799,0.022860635696821514,1.745354523227384,150.31295843520783,244.56899912943618,45.49994443209602
2014-05-04,10231.687830687832,69.93584656084656,119.16666666666667,10.903439153439153,45.351851851851855,687.9629629629629,81.86243386243386,17.796825396825398,1007.5357142857143,3.8253968253968256,0.0021164021164021165,1.9923280423280423,138.61507936507937,230.604332010582,46.382936507936506
2014-05-11,10400.227735368957,55.46539440203563,93.17391857506361,18.276972010178117,46.15038167938931,1013.4860050890585,76.7969465648855,16.459923664122137,1006.0417302798983,3.59236641221374,0.03575063613231552,1.688676844783715,125.69083969465649,302.06892493638674,47.53695928753181
2014-05-18,10571.293565683645,48.384825737265416,113.63442359249329,13.060321715817695,52.80940803783702,702.1447721179625,78.82590482573727,21.260187667560324,999.4950402144773,5.441152815013405,0.00026809651474530834,1.8579088471849865,117.92895442359249,229.24335737138952,45.94311327077748
2014-05-25,10739.724559023067,92.8484083081098,143.5789687924016,12.382496607869742,58.348964440234504,1092.876526458616,96.19905020352782,24.085753052917234,1000.580868385346,13.268113975576663,0.023066485753052916,1.627001356852103,163.3337856173677,346.9132169998405,54.290773405698786
2014-06-01,10915.339768339769,47.057052493222706,95.12289493140557,13.227018812125197,48.77471832293501,950.5257537172431,89.32537172430789,24.942084942084943,998.3623552123553,10.855405405405406,0.00945945945945946,1.4704633204633206,117.54633204633204,285.37010486620164,51.27619526821655
2014-06-08,11073.979166666666,39.14241467198581,68.92867630762412,6.240539117907801,41.04587430924099,751.4599955673758,89.75346298758865,23.395052083333336,999.9716145833332,14.094010416666668,0.008984375000000001,1.26484375,102.9296875,225.1442402140567,47.997001052748224
2014-06-15,11241.043080939948,48.097258485639685,70.86814621409921,5.447780678851175,39.48237597911227,854.6997389033943,90.27349869451697,24.038120104438644,1001.1074412532638,15.910574412532638,0.006527415143603133,1.2755874673629244,111.95822454308095,253.28687989556136,47.860639686684074
2014-06-22,11413.202770780856,75.8809823677582,86.37720403022671,3.972921914357683,33.664357682619645,939.8614609571788,102.71095717884131,23.41725440806045,999.3555415617129,18.202896725440805,0.04005037783375315,1.3955919395465994,143.30352644836273,283.94600125944584,53.3419395465995
2014-06-29,11576.278884462152,56.746347941567066,80.66467463479415,5.339973439575033,40.863213811420984,815.0730411686587,91.51394422310757,26.215537848605578,999.3195219123505,16.5937583001328,0.0017264276228419655,1.3722443559096944,117.89243027888446,248.33681938911022,48.4269588313413
2014-07-06,11753.35945945946,143.97108108108108,158.04405405405407,6.511148648648649,38.03189189189189,1251.2837837837837,107.17554054054054,26.728108108108106,998.4808108108109,21.54364864864865,0.011216216216216218,1.2795945945945946,207.77567567567567,397.8327027027027,56.84334459459459
2014-07-13,11912.507142857143,58.144600000000004,82.91602857142857,5.2538285714285715,40.033742857142855,706.0885714285714,75.1174857142857,27.457857142857144,996.3262857142857,16.969285714285714,0.0005714285714285715,1.37,109.65571428571428,221.79573571428574,40.18565714285714
2014-07-20,12072.445901639345,94.08688524590164,113.63196721311475,4.9311475409836065,34.87377049180328,1104.2622950819673,97.94918032786886,27.151475409836067,999.1355737704918,20.74950819672131,0.01459016393442623,1.3655737704918032,161.87377049180327,336.7137295081967,51.44016393442623
2014-07-27,12251.957746478873,56.32676056338028,88.12605633802816,7.250704225352113,48.22746478873239,882.2535211267606,73.9887323943662,27.259999999999998,1000.0614084507042,18.710845070422536,0.0012676056338028169,1.263380281690141,122.54366197183099,268.73345070422533,40.61971830985915
2014-08-03,12413.305007587254,139.25902883156297,150.06934749620638,3.6118361153262515,31.09514415781487,1208.3459787556903,113.85144157814872,28.06433990895296,998.7089529590288,22.426555386949925,0.019878603945371776,1.4927162367223066,200.29286798179058,382.19237481031865,58.73163884673748
2014-08-10,12591.03137254902,51.39254901960785,73.36575163398693,5.927450980392157,38.13777777777778,851.437908496732,94.87202614379086,25.977124183006534,1000.6176470588235,18.141960784313724,0.01437908496732026,1.3990849673202614,119.17254901960784,253.58349673202613,50.39973856209151
2014-08-17,12758.63671373556,38.91687348452432,57.11052631578947,3.919640564826701,36.4997432605905,673.0423620025674,94.62528883183569,25.01091142490372,1001.3514762516047,16.54852374839538,0.02490372272143774,1.3231065468549423,102.39281129653402,201.3923762658679,49.27246469833119
2014-08-24,12924.01948051948,78.38538961038961,106.59220779220779,5.944090909090908,41.65253246753247,916.6363636363636,99.14207792207792,26.216623376623374,1002.5785714285714,18.854545454545455,0.008701298701298701,1.307012987012987,144.86493506493505,285.81662337662334,52.54308441558442
2014-08-31,13093.188703465981,63.64732028241335,88.85523106546856,5.363534980744545,42.5749377029374,911.8862323491657,83.8258023106547,24.0196405648267,1007.6317073170732,16.29165596919127,0.01810012836970475,1.2129653401797176,131.69062901155328,276.74093034999623,44.59466864569961
2014-09-07,13263.22461928934,84.21941624365482,105.63248730964466,6.604060913705584,42.23845177664975,1096.1928934010152,82.72741116751268,23.44733502538071,1003.4157360406091,17.898477157360407,0.033121827411167516,1.2224619289340102,146.25,332.0708121827411,44.66573604060913
2014-09-14,13429.595354523228,55.96454767726161,87.01955990220048,7.5898533007334965,46.367359413202934,868.6430317848411,70.13875305623472,21.839853300733495,1007.6182151589242,13.35880195599022,0.008190709046454768,1.2267726161369192,126.72127139364304,264.49862469437653,38.86430317848411
2014-09-21,13596.713942307691,69.4813701923077,98.7139423076923,5.961137820512821,51.29142149827784,880.2884615384615,62.34465489610963,19.274879807692308,1010.6156249999999,11.810697115384615,0.005048076923076923,1.1439903846153845,139.0997596153846,274.94379888418484,34.15289635831123
2014-09-28,13765.605198019803,71.60952970297029,86.9746287128713,5.491336633663367,49.511267917836555,1271.9678217821781,38.34119295550245,18.86831683168317,1010.0084158415842,15.07920792079208,0.07141089108910892,1.0842821782178218,138.36262376237624,370.01581202896404,21.916264794582904
2014-10-05,13932.372524752474,55.46720297029703,67.34839108910892,4.056930693069307,43.587252475247524,1006.9306930693069,22.58063758962103,14.395544554455446,1013.5669554455445,8.688613861386138,0.03985148514851485,1.289480198019802,124.27722772277228,293.3333849009901,13.31878414134517
2014-10-12,14095.205270457698,168.23162274618585,179.90360610263522,8.023578363384189,63.995839112343965,1514.9791955617197,41.78294036061026,15.325936199722607,1016.0042995839112,9.310957004160887,0.004576976421636615,1.070873786407767,219.40499306518723,481.7775658807212,24.903259361997225
2014-10-19,14265.951117318436,74.65293296089385,123.81564245810056,9.025837988826815,63.476256983240226,950.9078212290502,37.73673184357542,13.508519553072626,1012.4412011173184,2.488966480446927,0.0,1.3089385474860336,135.9245810055866,303.21316340782124,23.381284916201118
2014-10-26,14430.946544980443,137.748370273794,171.71512385919166,10.332464146023469,69.34159061277705,1591.786179921773,23.314211212516298,13.03637548891786,1012.1312907431551,6.3349413298565835,0.0,1.088917861799218,196.89700130378097,492.64781616688396,16.823337679269883
2014-11-02,14602.106274007683,81.95973111395647,108.36453265044814,10.824583866837388,66.6843790012804,1271.4468629961589,19.542957746478873,11.067221510883483,1017.8770806658131,2.1169014084507043,0.0012804097311139564,1.12291933418694,141.77208706786172,382.11387644046096,15.18377080665813
2014-11-09,14772.806818181818,52.721464646464646,76.28813131313132,9.684343434343434,49.70037878787878,1095.959595959596,27.82626262626263,7.330555555555556,1015.6744949494949,-3.151641414141414,0.0,1.056439393939394,115.77525252525253,318.6673926767677,18.755303030303033
2014-11-16,14941.449742268042,49.00193298969072,79.11984536082474,13.913659793814434,52.67719072164948,1192.7835051546392,27.4284793814433,5.887951030927836,1015.9479381443299,-7.880025773195876,0.0002577319587628866,1.4663659793814434,104.77061855670104,343.39561855670104,20.671069587628867
2014-11-23,15108.142857142857,104.75447263017357,145.15607476635512,24.431508678237652,80.10342679127726,1935.5540720961283,14.958611481975968,4.602536715620828,1017.6861148197597,-5.088785046728972,0.0001335113484646195,1.0692923898531375,163.94659546061416,566.3920115709835,19.69506008010681
2014-11-30,15271.939072847683,118.77470198675496,169.64754966887418,21.718278145695365,76.48569536423841,2169.933774834437,12.694039735099338,3.8144370860927155,1016.3513907284769,-4.41841059602649,0.0018543046357615892,1.3082119205298013,178.3271523178808,633.7104304635761,17.20615894039735
2014-12-07,15455.324915824916,35.39393939393939,61.2483164983165,21.365319865319865,43.85942760942761,1097.053872053872,28.77777777777778,-1.7755892255892256,1021.2452861952861,-19.275757575757574,0.0,2.0496632996632997,87.1986531986532,309.3888888888889,25.07154882154882
2014-12-14,15615.71794871795,60.574074074074076,95.85612535612536,26.844729344729345,52.552469135802475,1530.6980056980058,25.00261158594492,-0.826068376068376,1021.4159544159544,-15.53917378917379,0.00014245014245014247,1.876068376068376,115.53276353276354,434.92016856600185,25.923670465337135
2014-12-21,15784.025335320417,50.45946348733234,83.9284649776453,25.87928464977645,46.33507203179334,1486.214605067064,29.026080476900148,-1.5317436661698955,1020.489865871833,-16.671535022354696,0.0,2.3566318926974663,97.5230998509687,416.73440139095874,27.4526825633383
2014-12-28,15945.569587628866,70.87096219931271,100.37512886597939,38.81713917525773,70.97963917525773,2014.4329896907216,18.365721649484534,-0.09020618556701031,1019.7657216494845,-12.403479381443299,0.0007731958762886598,1.3947164948453608,133.8286082474227,564.1646799828179,28.591430412371135
2015-01-04,16115.767605633802,66.4,98.05704225352113,33.74605633802817,63.187746478873244,1759.5774647887324,23.598732394366195,-0.38704225352112676,1018.2577464788733,-16.482112676056335,0.0,1.7436619718309858,124.94084507042254,496.8055633802817,28.672394366197185
2015-01-11,16286.415760869566,74.47486413043478,93.70883152173913,34.85482336956522,63.04673913043479,1755.4347826086957,24.240828804347824,0.2717391304347826,1020.866847826087,-15.700679347826087,0.0,1.5925271739130433,134.8179347826087,496.6663043478261,29.547826086956523
2015-01-18,16450.785714285714,125.81785714285714,133.48742857142858,36.54571428571428,70.032,2095.285714285714,19.81714285714286,-1.7018571428571427,1023.657,-11.684142857142856,0.0,1.5170000000000001,180.2942857142857,606.15575,28.181428571428572
2015-01-25,16620.17076167076,95.18243243243244,107.72297297297297,29.468673218673217,66.46683046683047,1748.034398034398,20.81756756756757,-0.18611793611793612,1018.0522113022113,-10.76941031941032,0.0020884520884520887,1.3633906633906634,157.56879606879608,504.3516584766585,25.143120393120395
2015-02-01,16784.800632911392,57.08227848101266,64.22188818565401,19.377531645569622,43.770094936708865,1198.73417721519,31.46039029535865,-1.7229430379746837,1026.001740506329,-17.837183544303798,0.0,1.7713607594936709,108.67721518987342,340.9521097046414,25.418960970464134
2015-02-08,16946.74780058651,66.24780058651027,74.01979472140762,23.95234604105572,51.93401759530792,1263.7096774193549,35.77199413489736,0.8316715542521995,1023.4302052785924,-14.521554252199415,0.0001466275659824047,1.9285923753665688,121.77126099706744,363.9778225806452,29.86217008797654
2015-02-15,17121.356050069542,122.63504867872045,129.5759388038943,37.9230876216968,73.1749652294854,1997.2878998609178,31.82290217895225,1.809874826147427,1011.8621696801113,-13.44645340751043,0.0,1.4019471488178026,182.83449235048678,580.6684631432545,34.87299490032453
2015-02-22,17285.8211143695,108.93695014662757,134.46187683284458,19.74560117302053,35.58797653958944,1317.815249266862,40.6400293255132,2.71217008797654,1016.9936950146626,-8.775366568914956,0.036070381231671556,1.8617302052785925,165.27272727272728,399.2005131964809,30.19281524926686
2015-03-01,17461.22376738306,73.79329962073325,104.48166877370417,14.497471554993679,35.29519595448799,1081.9848293299622,38.88305941845765,1.2419721871049305,1016.8734513274337,-12.140075853350188,0.00922882427307206,1.902402022756005,128.9431099873578,323.8887484197219,26.690265486725664
2015-03-08,17635.85609397944,128.0266764561919,146.72980910425844,30.651982378854626,55.05555555555556,1552.4229074889868,38.93392070484582,3.9887350534911543,1014.4208167277113,-12.294860499265784,0.0,1.9337738619676947,184.12334801762114,470.5587371512482,34.79295154185022
2015-03-15,17809.437768240343,71.24463519313305,101.56080114449213,23.059370529327612,58.798998569384835,1374.8211731044348,35.08369098712446,5.126824034334764,1015.5603719599427,-13.879828326180258,0.0,1.7736766809728182,139.78254649499286,401.6064020028612,29.071530758226036
2015-03-22,17963.20460358056,86.230179028133,171.45780051150896,12.108056265984654,48.83184143222506,990.7289002557545,47.111253196930946,11.272378516624041,1012.4098465473146,-9.23375959079284,0.0,2.047314578005115,155.61764705882354,324.31218030690536,29.609654731457802
2015-03-29,18128.6405648267,84.6842105263158,149.6726572528883,22.167670583588425,53.07637997432606,1156.4826700898589,58.533376123234916,12.58433889602054,1018.6451861360719,-3.5476251604621307,0.0,1.890372272143774,159.7124518613607,360.97897946084726,40.350523353411674
2015-04-05,18300.63116883117,75.74305194805196,112.47707792207792,9.786753246753246,38.32675324675324,887.6623376623377,66.87194805194805,12.34025974025974,1007.1409090909091,2.1248051948051945,0.024415584415584418,1.9477922077922076,143.03506493506492,278.5523051948052,38.329350649350644
2015-04-12,18467.821428571428,95.93624338624339,110.00515873015873,10.232010582010581,39.93731103552532,894.675925925926,66.04861111111111,10.533730158730158,1018.0098965848965,-2.092989417989418,0.006216931216931217,2.2470899470899472,152.32275132275132,285.13865976946335,38.140310846560844
2015-04-19,18637.872,67.41982222222222,129.80946666666668,10.952399999999999,50.185599999999994,755.6888888888889,64.50946666666667,16.05453333333333,1005.9355999999999,-0.19240000000000002,0.0013333333333333333,2.0997333333333335,137.57333333333332,250.77594444444446,37.73093333333333
2015-04-26,18803.153942428034,68.89276178556528,131.44430538172716,10.985607008760951,48.235919899874844,738.1727158948686,80.02816020025031,19.627659574468087,1008.575719649562,1.94180225281602,0.0,2.119524405506884,144.87984981226532,246.68642574050895,45.50688360450563
2015-05-03,18971.2759051186,83.00374531835206,111.79375780274657,9.85705368289638,37.96941323345818,861.2983770287141,89.97253433208489,20.405867665418228,1004.6149812734083,10.83657927590512,0.022347066167290885,1.79063670411985,150.94756554307116,273.51632334581774,49.914794007490634
2015-05-10,19137.164935064935,35.36967532467533,81.60402597402597,6.775324675324676,31.43493506493507,590.7142857142857,66.9890909090909,17.202727272727273,1006.2002597402596,0.16870129870129869,0.016753246753246753,2.0518181818181818,99.1025974025974,184.78073051948053,36.882207792207794
2015-05-17,19316.70569105691,45.94065040650406,79.23739837398374,6.388617886178862,34.239837398373986,611.5447154471544,79.92764227642276,19.9390243902439,1001.0720325203253,5.793333333333334,0.007317073170731708,2.104715447154472,103.64552845528455,192.74065040650407,43.15813008130081
2015-05-24,19477.955823293174,56.893574297188756,98.02008032128514,8.836010709504686,37.64926372155288,662.2713074520303,93.35943775100401,23.154350736278445,1003.2601070950469,5.757161981258367,0.00013386880856760375,2.2340026773761714,118.70013386880856,213.70855644801426,51.09772423025435
2015-05-31,19647.365489130436,80.98913043478261,122.81521739130434,14.146059782608695,40.649116847826086,900.4415760869565,117.13620923913044,25.438043478260873,999.3146739130434,13.978396739130435,0.002989130434782609,1.9105978260869565,158.46603260869566,286.2237601902174,65.64113451086956
2015-06-07,19808.748520710058,43.30843195266272,82.89497041420118,6.295118343195266,36.64349112426036,1020.2662721893491,81.85355029585799,24.5689349112426,1000.0127218934911,10.330917159763313,0.036834319526627225,1.8822485207100592,108.16272189349112,295.77829142011836,44.07433431952663
2015-06-14,19978.59940652819,31.027077151335313,45.739119683481704,4.879080118694362,29.026706231454007,661.3254203758654,78.88526211671612,23.231157270029673,997.4290801186943,13.118397626112758,0.03100890207715134,1.8703264094955487,82.77744807121661,191.7795808605341,41.88217111770524
2015-06-21,20151.260582010582,47.41199294532628,70.97063492063492,6.1120370370370365,34.6473544973545,794.1269841269841,98.164526085225,25.09973544973545,1001.4632275132275,14.073148148148148,0.024603174603174606,1.5298941798941799,107.59920634920636,236.78924162257493,52.13828156113102
2015-06-28,20316.76633165829,124.17587939698493,133.51570351758795,7.635678391959799,38.6463567839196,1166.0175879396984,106.26574404279462,25.44208542713568,998.8984924623115,18.76319095477387,0.0207286432160804,1.4057788944723617,188.21356783919597,365.58888190954775,56.95071121737721
2015-07-05,20486.53154362416,42.00536912751678,56.99879194630872,5.580536912751678,35.07812080536913,740.738255033557,62.80469798657718,23.49785234899329,1000.2421476510067,13.875704697986576,0.023355704697986576,1.6029530201342284,95.12751677852349,218.70513422818794,34.19261744966443
2015-07-12,20647.472259810555,84.21515561569689,106.13261163734776,8.253721244925575,36.0277401894452,975.7780784844384,110.96346414073072,26.998105548037888,1003.6832205683356,17.467523680649528,0.0,1.5128552097428958,161.84303112313938,300.5383964817321,59.60859269282815
2015-07-19,20826.823708206688,46.443009118541035,59.96808510638298,2.6990881458966567,33.338905775075986,738.6018237082067,84.51671732522796,25.148480243161096,1000.2869300911855,19.06656534954407,0.0648936170212766,1.4121580547112462,118.56534954407294,219.58795592705167,43.60790273556231
2015-07-26,20987.751918158567,84.62212276214834,92.09079283887468,2.214833759590793,33.65281329923274,890.0255754475703,91.00191815856778,26.323273657289,998.0975703324809,21.523657289002557,0.02455242966751918,1.2365728900255755,157.8618925831202,275.0978260869565,46.60837595907928
2015-08-02,21156.128630705392,57.710235131396956,65.01590594744121,2.331258644536653,27.357538035961273,952.6970954356847,79.39119409866298,26.174688796680496,998.7333333333332,22.431811894882436,0.044813278008298756,1.2470262793914246,130.26417704011064,275.695193637621,40.86122637159982
2015-08-09,21325.641434262947,59.229969012837536,77.95506861443116,3.316733067729084,31.734572819831786,895.2117456101521,89.21403275785747,26.07410358565737,1001.3827357237715,20.507436918990706,0.008764940239043825,1.2883134130146083,124.79017264276229,266.0328390143131,46.26538291279328
2015-08-16,21492.095168374817,66.78038067349927,100.97950219619327,3.6976573938506587,37.53850658857979,925.3294289897511,94.69546120058565,27.628989751098093,1000.4847730600293,19.60658857979502,0.0005856515373352855,1.378623718887262,132.6090775988287,282.65695461200585,49.19655929721816
2015-08-23,21658.730038022815,38.41318124207858,62.3276299112801,3.14702154626109,27.6128010139417,704.8795944233207,93.11026615969581,25.892648922686945,1002.4191381495564,17.292015209125474,0.008871989860583017,1.4926489226869455,99.787072243346,208.30830164765527,48.128643852978456
2015-08-30,21829.149156939042,18.525940337224384,30.841115434500647,2.245136186770428,20.654345006485084,557.5226977950713,71.8307392996109,24.668741893644615,1004.268093385214,16.980804150453956,0.0063553826199740605,1.3603112840466924,63.583657587548636,156.88602464332035,37.03793774319066
2015-09-06,21994.672727272726,20.403496503496502,26.886713286713288,2.14965034965035,21.114685314685314,630.979020979021,56.70839160839161,22.153426573426575,1007.4478321678321,17.293426573426572,0.09832167832167832,1.3,65.57482517482518,174.84597902097903,29.42902097902098
2015-09-13,22162.5412371134,23.403994845360824,41.1333762886598,2.9742268041237114,32.7139175257732,525.4510309278351,52.597938144329895,20.449355670103095,1011.2478092783506,12.682345360824742,0.037371134020618556,1.5506443298969073,71.12242268041237,155.6755798969072,27.786082474226806
2015-09-20,22333.54794520548,89.91282689912826,112.53362391033625,7.531666963173812,48.2640099626401,931.1332503113325,76.44420921544209,21.02777085927771,1011.4941469489415,14.174595267745953,0.0029887920298879204,1.1953922789539229,153.92652552926526,295.46092777085926,41.98793808930795
2015-09-27,22500.499390986603,67.78166869671132,89.4415347137637,6.176613885505481,47.23386114494519,887.7767428530486,56.68392204628502,20.150548112058463,1005.6852618757613,12.933008526187576,0.006577344701583435,1.371741778319123,130.78440925700366,273.05845185211723,31.43026796589525
2015-10-04,22668.410977242303,43.133199464524765,65.47389558232932,4.093708165997323,44.201472556894245,871.0646507599024,33.833333333333336,16.850200803212854,1014.3749665327978,10.731191432396251,0.0681392235609103,1.3224899598393574,106.58366800535475,255.96830459091268,18.963520749665328
2015-10-11,22835.767045454544,115.88839285714285,127.10085227272727,4.657670454545454,41.38068181818182,918.9630681818181,59.72798295454545,16.574289772727273,1010.6769886363636,4.550568181818182,0.0,2.014630681818182,157.171875,300.83324878246754,32.19282670454545
2015-10-18,23002.640419947507,102.27952755905511,124.29527559055119,8.759186351706036,63.66863517060367,1201.9028871391076,43.7014435695538,16.254330708661417,1013.5721784776903,6.851837270341208,0.0,1.2476377952755906,161.11154855643045,373.0365813648294,26.230314960629922
2015-10-25,23171.77985074627,53.999378109452735,75.73694029850746,5.786069651741293,50.9384328358209,953.544776119403,14.49129353233831,11.903233830845773,1016.2360696517413,6.810199004975124,0.035323383084577116,1.1184079601990051,129.3582089552239,283.55488184079604,10.1386815920398
2015-11-01,23341.666666666668,30.036316472114137,54.923476005188064,3.4396887159533076,38.42153047989624,593.9040207522697,27.993514915693904,9.212191958495461,1018.7804150453956,-3.875486381322957,0.011413748378728925,1.7282749675745785,82.69520103761349,179.32133592736704,15.716601815823605
2015-11-08,23508.0794044665,94.51270079665666,103.93401462713857,7.537482042575421,54.888805450350446,1093.2218884680685,24.432153584954943,6.69454094292804,1019.9647642679901,1.6803970223325062,0.04925558312655087,1.5094292803970222,151.7133995037221,336.6393523355535,15.984817813765181
2015-11-15,23674.675191815855,170.63704177323103,171.08141517476554,7.420807453416149,59.008951406649615,2355.943246863963,5.293478260869565,6.6089514066496164,1019.9832480818415,4.295524296675191,0.010869565217391304,0.9828644501278773,228.77493606138108,689.1676638046523,6.357142857142858
2015-11-22,23842.013784461153,64.48558897243107,68.17919799498746,6.840852130325815,41.93295739348371,1569.548872180451,6.639724310776942,2.9962406015037595,1021.9591478696742,0.31917293233082705,0.1318295739348371,1.4116541353383458,144.8609022556391,436.0366541353383,6.7402882205513786
2015-11-29,24022.273519163762,141.3487224157956,144.79123112659698,26.1506968641115,63.26742160278746,2231.7363530778166,19.016550522648085,-3.6240418118466895,1024.3287456445992,-9.557491289198607,0.0031358885017421603,1.4545296167247386,197.35017421602788,645.2859320557492,22.583623693379792
2015-12-06,24200.188715953307,72.3112840466926,84.48054474708171,17.01679636835279,52.97016861219196,1598.5408560311284,20.07360570687419,0.5698443579766537,1021.3566147859923,-8.73988326848249,0.0,2.0295719844357976,126.8579766536965,452.07571335927366,18.545201037613488
2015-12-13,24347.80226700252,150.81045340050377,156.3331234256927,23.877833753148614,72.13161209068011,2763.413098236776,12.328715365239296,1.3722921914357682,1022.2298488664987,-4.001007556675063,0.0022670025188916876,1.1317380352644837,208.17758186397984,785.6720717884131,18.103274559193956
2015-12-20,24517.86440677966,93.33474576271186,101.31002824858757,15.94138418079096,55.909604519774014,1864.6892655367233,20.31779661016949,-0.6594632768361581,1023.6802259887005,-9.722033898305085,0.01115819209039548,1.8692090395480228,144.26694915254237,528.8109110169491,18.129590395480225
2015-12-27,24670.779411764706,165.77941176470588,170.1691176470588,16.528361344537814,69.92436974789916,2762.0448179271707,15.48844537815126,-1.4077731092436976,1021.7548319327731,-6.909453781512605,0.0010504201680672268,1.1775210084033614,225.60504201680672,791.9794292717087,16.008403361344538
2016-01-03,24855.045790251108,145.55022156573116,151.7725258493353,21.88404726735598,73.81831610044313,2368.759231905465,12.054652880354505,-1.0799113737075332,1021.8347119645495,-8.113884785819794,0.0,1.2112259970457901,201.37961595273265,684.9750738552437,16.969350073855242
2016-01-10,25021.420982735723,39.74767596281541,48.66334661354582,11.795706064630366,37.9933598937583,1002.4347056219567,30.83266932270916,-2.596812749003984,1023.9154050464808,-16.470916334661354,0.0,2.10531208499336,91.35989375830013,282.20977202301907,21.314187693669766
2016-01-17,25195.537356321838,62.63577586206897,79.01293103448276,21.08477011494253,48.96623563218391,1415.3735632183907,28.11278735632184,-3.408333333333333,1019.341235632184,-17.501724137931035,0.0041666666666666675,1.986925287356322,119.36781609195403,401.4971264367816,24.598778735632184
2016-01-24,25346.389261744967,97.31543624161074,117.26174496644295,31.08053691275168,58.30201342281879,2128.8590604026845,18.02013422818792,-5.409731543624161,1027.2942953020136,-16.03557046979866,0.002013422818791946,1.7543624161073823,158.41610738255034,600.4345637583892,24.550335570469798
2016-01-31,25520.775806451613,66.75564516129032,80.81532258064516,27.470967741935485,51.45241935483871,1415.4032258064517,25.608064516129033,-3.0543548387096773,1025.4667741935484,-19.103870967741933,0.0,1.8579032258064518,132.23709677419356,403.60665322580644,26.539516129032258
2016-02-07,25695.66208791209,26.732142857142858,38.848214285714285,11.880494505494505,31.552197802197803,751.4423076923077,46.032967032967036,-0.34615384615384615,1023.5858516483516,-17.921016483516482,0.0,2.0912087912087913,77.13186813186813,212.14371565934067,28.95673076923077
2016-02-14,25857.76956521739,80.74057971014493,88.9536231884058,22.776086956521738,38.234057971014494,1578.840579710145,37.20144927536232,2.6595652173913042,1014.4004347826087,-9.441159420289855,0.048260869565217385,2.051159420289855,135.631884057971,446.6922101449275,29.98876811594203
2016-02-21,26033.056396148557,28.286565795506647,45.39064649243466,9.71939477303989,27.516506189821182,668.9591930307198,50.20770288858322,1.8566712517193946,1019.7452544704265,-15.150894085281982,0.0,2.6649243466299866,76.33837689133425,192.53822787712056,29.963548830811554
2016-02-28,26203.78106508876,36.61760355029586,52.87130177514793,10.978057199211046,32.12721893491124,847.4852071005918,45.29018737672584,1.8161242603550296,1023.5100591715977,-14.5396449704142,0.0,2.352810650887574,92.62721893491124,242.2753328402367,28.134122287968445
2016-03-06,26362.8711409396,133.05771812080536,181.59731543624162,26.598657718120805,67.63624161073825,1923.758389261745,31.538926174496645,5.152885906040269,1014.4591946308725,-9.099194630872482,0.0,1.6802684563758388,198.88053691275167,576.5124161073826,29.068791946308725
2016-03-13,26537.059392265193,38.427172275238576,67.0421270718232,12.206215469613259,32.829742173112336,799.0423572744014,50.03936464088398,3.3560773480662984,1020.0200276243094,-17.058011049723756,0.0,2.623618784530387,85.16022099447514,234.3353496986439,31.122790055248622
2016-03-20,26700.04391468005,145.53638644918445,173.06085319949813,24.644291091593477,63.61355081555834,1461.3550815558344,46.67816813048933,10.29861982434128,1012.9121706398996,-4.343287327478042,0.0,1.6718946047678795,211.1129234629862,460.8914680050188,35.661229611041406
2016-03-27,26866.83963494133,46.289439374185136,76.91069100391134,9.18057366362451,41.14993481095176,686.1147327249022,54.04432855280313,11.498565840938722,1019.7749674054759,-9.089439374185137,0.0,2.127509778357236,93.48370273794002,212.6161994784876,31.61245110821382
2016-04-03,27034.061994609165,54.3341705464347,109.37797108551825,9.74297557788124,39.34764763538348,623.6951727517766,59.94817446704239,15.587735849056605,1008.3588948787062,-4.6688679245283025,0.0006738544474393531,2.347843665768194,110.8234501347709,206.68874050477822,34.845575022461816
2016-04-10,27203.0,84.9965367965368,154.09073969508754,12.802540937323545,46.098436157415364,922.5691699604743,58.49497459062676,15.256149068322982,1006.6426086956523,-2.5382608695652173,0.0,2.222111801242236,154.62360248447206,301.9387206523785,35.648757763975155
2016-04-17,27370.04834605598,61.56907336726039,94.55407124681933,6.36704834605598,39.185584688571744,626.5267175572519,59.10559796437659,14.500508905852417,1005.430407124682,-1.1326972010178118,0.022773536895674303,2.4954198473282445,127.17557251908397,205.45886171497582,32.73632315521628
2016-04-24,27539.608805031447,58.5811320754717,104.88993710691824,9.541509433962265,40.98646784337594,746.4150943396227,64.79811320754717,16.809811320754715,1005.7968553459119,-2.7441509433962263,0.0,2.2338364779874214,125.52955974842767,237.71815784134714,37.16981132075472
2016-05-01,27704.770408163266,114.05580357142857,148.68207908163265,14.612244897959183,47.807089368005265,1324.4897959183672,99.46364795918367,18.89081632653061,1004.4247448979592,8.897066326530613,0.004209183673469388,1.9455357142857141,185.03698979591837,408.75869198485844,57.03794642857143
2016-05-08,27878.463513513514,44.385872235872235,79.96188496188496,6.760170697012802,32.52347083926031,735.6081081081081,73.799146514936,19.446216216216218,1003.2251351351351,0.9785135135135136,0.03418918918918919,2.4477027027027027,111.01351351351352,223.11983403628142,40.2796586059744
2016-05-15,28042.671087533156,53.41644562334218,73.75928381962865,4.5324933687002655,36.28050397877984,605.1945181255527,68.76127320954907,17.845092838196287,1006.6832891246684,7.673342175066312,0.055039787798408485,1.975596816976127,117.09283819628648,192.1626878868258,36.646883289124666
2016-05-22,28212.719321148827,61.63446475195823,95.39099216710183,10.933665143603132,45.57343895207328,714.4500652741515,107.99534921671018,22.635900783289816,1007.9232375979111,8.401044386422976,0.0,1.904308093994778,137.59791122715404,229.2622402863212,59.46450718015666
2016-05-29,28380.957908163266,37.09630102040816,71.19005102040816,6.898357780612245,36.10426755447942,555.843431122449,92.39229910714286,22.607397959183675,1001.6112244897959,7.035204081632654,0.002806122448979592,2.2494897959183673,99.03954081632654,175.05851267943618,49.64532844387755
2016-06-05,28548.298666666666,65.01345762711864,108.4893103448276,12.279494252873564,46.99131034482758,888.9333333333333,105.28731034482759,24.288666666666668,1002.7038666666667,10.232800000000001,0.0,1.678,140.476,277.3568529125268,58.78340229885057
2016-06-12,28717.518723994453,74.04200850983803,88.80388827777512,4.268066382897317,29.324461555629952,883.0097087378641,114.05435059862579,24.343828016643553,1001.8201109570042,15.200554785020804,0.02482662968099861,1.9004160887656034,142.23994452149793,268.7950167702768,59.16120849076155
2016-06-19,28883.957386363636,36.25923295454545,54.11008522727273,2.821022727272727,36.78053977272727,603.6931818181819,86.43678977272727,23.69119318181818,996.4355113636364,15.344886363636363,0.026704545454545457,1.6502840909090908,99.54545454545455,182.7107599431818,44.62890625
2016-06-26,29049.29817158931,57.573839662447256,75.36216596343179,3.4043600562587906,33.355133614627285,824.4725738396625,100.77871542428505,26.762447257383965,998.2877637130802,16.039803094233474,0.004922644163150493,1.6766526019690575,122.33192686357243,247.6909282700422,52.091537740271924
2016-07-03,29221.53972257251,63.19609079445145,77.40542244640605,3.550021017234132,34.25914249684742,694.9138293400588,93.22099621689786,25.57490542244641,998.8387137452711,17.255359394703657,0.0373266078184111,1.6438839848675912,132.57881462799494,217.44362126944094,48.385508617065994
2016-07-10,29383.793758480326,102.71506105834465,112.57937584803257,5.043419267299864,33.21166892808684,1050.9497964721845,114.37042062415196,28.134464043419264,1002.7409769335142,20.13921302578019,0.0,1.7183175033921303,175.0637720488467,324.86397557666214,59.706919945725915
2016-07-17,29561.027586206896,45.497554858934166,56.86137931034483,3.396551724137931,33.40758620689655,733.5862068965517,75.27448275862069,25.929379310344828,998.2983448275862,19.224413793103448,0.04786206896551724,1.5004137931034482,109.93655172413793,217.33818181818182,39.33551724137931
2016-07-24,29715.689964157707,78.10929339477727,82.25797917733402,2.6367127496159752,35.30894440402081,1010.0910879348909,61.36734308890506,25.419892473118278,998.4827956989247,22.456989247311828,0.07168458781362007,1.2207885304659498,147.0483870967742,301.44182622775577,32.00202791926052
2016-07-31,29893.57581227437,49.934981886564614,59.226278003496894,3.048440860891332,27.208397468532652,817.461957909541,84.79518213072524,26.879422382671482,998.8575812274368,21.832851985559564,0.019133574007220214,1.3561371841155234,114.62996389891697,238.45790381703378,43.92181149580829
2016-08-07,30057.549132947977,61.84537572254335,71.8699421965318,2.643063583815029,27.59826589595376,950.0839082603021,92.79624277456648,28.716184971098265,1003.2504335260116,23.109826589595375,0.011560693641618497,1.4679190751445086,134.22687861271677,277.84937301883275,47.71965317919075
2016-08-14,30226.527960526317,37.786184210526315,52.265625,3.5592105263157894,31.765625,787.6644736842105,72.99917763157895,27.815131578947366,1001.5608552631579,20.817269736842103,0.002631578947368421,1.5317434210526315,98.9720394736842,227.37047697368422,38.27919407894737
2016-08-21,30395.35149156939,42.5875486381323,56.01686121919585,2.1569390402075226,34.77172503242542,911.284046692607,65.46433203631648,25.97185473411154,1000.5483787289236,20.757717250324255,0.037872892347600516,1.398702983138781,107.89753566796368,261.16504539559014,33.810635538262
2016-08-28,30562.314578005116,41.28260869565217,57.8497442455243,3.1892583120204603,35.17817561807332,651.918158567775,66.04667519181585,25.9962915601023,1004.9911764705882,15.285805626598465,0.0023017902813299235,1.6365728900255754,98.13938618925832,196.55717178175618,34.61796675191816
2016-09-04,30733.595988538684,30.0121776504298,56.79584527220631,3.1215377268385867,40.28510028653295,576.3132760267431,60.41547277936963,24.733954154727794,1000.2066977077365,14.10243553008596,0.0011461318051575933,1.586103151862464,81.41833810888252,175.85159980897805,31.76850525310411
2016-09-11,30900.527707808564,25.954659949622165,45.059193954659946,2.784005037783375,35.484886649874056,566.7506297229219,45.39630436102091,23.92405541561713,1003.5512594458438,14.770528967254407,0.010453400503778338,1.5,79.20277078085643,168.31234256926953,24.09015469940214
2016-09-18,31067.363300492612,71.49137931034483,83.17382125263899,3.099059224415719,37.77874180525205,916.6552464906108,54.20316911558974,22.470027709359606,1010.871736453202,17.49402709359606,0.022536945812807883,1.2998768472906403,136.35714285714286,277.27479721471167,28.651114170002728
2016-09-25,31234.662666666667,86.55955555555555,101.50866666666667,4.333555555555555,47.019521367521364,937.3777777777779,51.259196787148596,20.034717777773334,1010.1530666666667,14.278933333333335,0.009600000000000001,1.4123999999999999,145.28933333333333,293.11638034188036,27.796376171352076
2016-10-02,31407.114555256063,91.81940700808626,110.3921832884097,6.307834681042228,52.73921832884097,897.0350404312668,51.22136253910521,17.564557930090274,1011.3994609164421,9.603735078937236,0.01981132075471698,1.6328840970350402,151.06199460916443,287.9964622641509,28.76459861007372
2016-10-09,31570.76462585034,56.40932944606414,71.83187560738581,3.8731778425655974,42.31185617103984,1059.5966958211857,23.96938775510204,15.156870748299319,1013.2080272108844,9.767891156462584,0.054285714285714284,1.619863945578231,122.86802721088435,307.53743926141885,13.921282798833818
2016-10-16,31740.30024813896,141.7102977667494,158.12841191066997,6.726426799007444,72.90942928039702,1407.0719602977667,19.759925558312656,14.249627791563276,1015.0908188585607,10.588833746898263,0.0022332506203473945,1.081017369727047,205.0893300248139,444.95502481389576,13.24317617866005
2016-10-23,31907.032663316582,86.89447236180905,103.42713567839196,4.665829145728643,51.956829602558244,1157.6842546063651,17.60929648241206,13.680406197654522,1014.9570561139028,8.513316582914573,0.022613065326633167,1.3979899497487436,147.94095477386935,349.9906730622811,11.137562814070352
2016-10-30,32076.817333333332,45.9924126984127,79.22438095238095,4.102666666666667,50.598,855.5428571428571,16.346476190476192,8.959057619048064,1018.1644730158731,1.3326666666666667,0.018933333333333333,1.738,105.30266666666667,257.83941269841273,10.224571428571428
2016-11-06,32251.61071932299,126.66290550070522,155.1212976022567,7.630465444287729,77.02679830747532,1904.5133991537377,15.925952045133991,5.465867418899859,1016.9693935119888,-1.977009873060649,0.0,1.4582510578279269,188.52327221438645,565.8311001410437,11.778208744710861
2016-11-13,32412.609547123622,93.27539779681763,126.10893512851897,10.637698898408813,62.89596083231334,1569.4002447980415,11.223378212974296,5.970012239902081,1017.1788249694002,-0.816891064871481,0.0019583843329253367,1.4143206854345165,159.00122399020808,462.9201346389229,10.930538555691555
2016-11-20,32581.951432129514,96.96886674968867,136.85678704856787,14.807596513075966,61.3200498132005,1909.5267745952679,14.075965130759652,6.170734744707348,1015.8264009962639,-1.8798256537982565,0.031257783312577836,1.670983810709838,159.23163138231632,551.1681195516812,14.441780821917808
2016-11-27,32751.865224625624,83.26539101497504,117.43261231281198,13.993344425956739,56.99750415973378,1340.6821963394343,23.395174708818637,-0.1945091514143095,1022.571713810316,-10.828951747088187,0.0194675540765391,2.0066555740432612,133.6738768718802,399.59442595673875,18.694259567387686
2016-12-04,32912.55570117955,92.64285714285714,126.20773263433814,19.01048492791612,71.81651376146789,1864.2857142857142,14.275884665792923,2.447313237221494,1022.0610747051114,-6.677850589777195,0.0,1.273132372214941,156.11664482306685,538.7382044560943,16.64318479685452
2016-12-11,33085.17085427135,82.35741206030151,112.75125628140704,18.089195979899497,67.08668341708542,1790.682579564489,17.753140703517587,0.6648241206030151,1019.4113065326634,-10.090326633165828,0.0,1.5865577889447238,140.15829145728642,513.2194828308208,17.921168341708544
2016-12-18,33251.73495518566,112.2752880921895,132.40588988476313,21.284250960307297,70.01600512163893,1846.146799496164,18.53777208706786,-0.052368758002560835,1022.0078104993597,-10.690909090909091,0.0,1.4291933418693983,165.25480153649167,540.2109956486888,19.91101152368758
2016-12-25,33437.402135231314,99.83807829181495,112.95373665480427,18.745551601423486,66.88790035587189,1968.6387900355871,20.590747330960856,-0.5274021352313167,1022.1857651245552,-9.748042704626334,0.0,1.656761565836299,155.27758007117438,562.0796263345196,19.668149466192173
2017-01-01,33570.83038869258,91.40017667844523,110.8303886925795,14.043286219081272,59.96378091872791,1715.135453474676,22.235865724381625,-1.7454063604240282,1025.785512367491,-13.515194346289753,0.0,1.7095406360424028,144.30388692579504,494.3324499411072,18.13957597173145
2017-01-08,33767.180987202926,148.82084095063985,152.55941499085924,16.316270566727606,79.691042047532,2708.5313833028645,24.07495429616088,0.9627056672760512,1019.2431444241316,-5.917184643510055,0.002376599634369287,1.352650822669104,202.46800731261425,772.4006703229738,20.195612431444243
2017-01-15,33925.54086181278,39.66864784546805,56.46731054977712,14.325408618127787,47.61812778603269,905.0520059435364,41.332838038632985,-0.6684246975152834,1021.1781610420293,-14.67778603268945,0.0004457652303120357,2.3065378900445763,96.56909361069836,262.2015230312036,27.829123328380387
2017-01-22,34086.00507614213,66.61844331641286,82.47208121827411,16.854483925549914,52.4839255499154,1227.552171460801,29.336717428087987,-2.96955803944662,1026.0565506399967,-14.478849407783418,0.0,1.9541455160744503,125.50253807106598,357.28165538635085,23.09560067681895
2017-01-29,34262.44982078853,121.10483870967742,148.12007168458783,30.184587813620073,57.89605734767025,1772.0728793309438,37.94982078853047,-1.6296169354832735,1023.183594683393,-14.086364994026285,0.0,2.1012544802867383,175.35125448028674,524.7984617682199,34.06720430107527
2017-02-05,34439.77013422819,106.60234899328859,123.55704697986577,29.23993288590604,54.63422818791946,1508.8087248322147,43.119127516778526,0.4233361297533557,1020.3825223713645,-17.027516778523488,0.0,1.4699664429530201,165.09060402684563,448.40058724832215,36.17953020134228
2017-02-12,34596.73037037037,47.16444444444444,66.01481481481481,16.15111111111111,41.394814814814815,962.8888888888889,51.77925925925926,0.19547407407358025,1023.7181481481482,-16.389777777777777,0.0,2.174074074074074,97.65629629629629,279.36574074074076,33.965185185185184
2017-02-19,34763.525624178714,117.91852825229961,142.5124835742444,26.248357424441526,70.8107752956636,1719.7109067017084,37.95466491458607,2.5155059132720106,1018.2961892247043,-11.363206307490143,0.0,1.9231274638633378,174.91590013140603,512.738173455979,32.1015111695138
2017-02-26,34932.98391089109,34.5348597359736,48.722566006600665,8.157384488448844,40.15325907590759,760.1691419141914,46.21266501650165,2.868564356435644,1020.7839108910891,-11.636014851485148,0.025247524752475246,1.9912128712871289,86.21163366336634,220.89495668316832,27.185024752475247
2017-03-05,35040.03043478261,44.71739130434783,70.84347826086956,12.145652173913044,56.493478260869566,970.0,39.77391304347826,8.539130434782608,1014.6039130434782,-9.405217391304348,0.0,1.7752173913043479,108.50869565217391,285.51358695652175,25.95978260869565
